"asc_bus","asc_air","asc_rail","b_tt_car","b_tt_bus","b_tt_air","b_tt_rail","logLike"
0,0,0,0,0,0,0,-1170.8600760604
-0.200767845941089,-0.0124528043209475,0.0422062536484819,0.000308752223507042,-0.000554669718959014,-0.000212459990743211,0.000276713164035077,-1112.9852297569
-0.376990698364678,-0.125836125545801,0.0726946629081853,0.000497860683356432,-0.002208592833271,-0.00264004477687529,-0.000718666614715487,-1084.13432094081
-0.141063219884924,-0.311274034601805,0.103042831109303,-0.00032982773053716,-0.00331868528089272,-0.0039171262785818,-0.00287408985322993,-1082.58487688161
0.37174568272132,-0.427013266817118,0.179212975026272,-0.000624916623165238,-0.00496396376824341,-0.00361211006201226,-0.00406540539085576,-1082.27478166202
0.434283728607164,-0.428253801886213,0.189395639063483,-0.000626304418524732,-0.00513777484923991,-0.00359388937957252,-0.00413354113803984,-1082.27221724243
0.434497278548461,-0.427801643936924,0.189102431904356,-0.000626363635356218,-0.00513865483106551,-0.00360053533955739,-0.00413142042141858,-1082.2722155932
0.434500779860855,-0.42772522967492,0.18906310613955,-0.000626367798449662,-0.00513867053006901,-0.00360156495903211,-0.00413112992943445,-1082.27221557346
