"","Estimate","Std.err.","t-ratio(0)","Rob.std.err.","Rob.t-ratio(0)"
"asc_car",0,NA,NA,NA,NA
"asc_bus",0.434500779860855,1.01858580044597,0.426572586885283,0.990854584454092,0.438511146517268
"asc_air",-0.42772522967492,0.65922773016444,-0.648827726904369,0.671860499895388,-0.636628034750546
"asc_rail",0.18906310613955,0.78725183667249,0.240155814610317,0.794123538792507,0.23807770063966
"b_tt_car",-0.000626367798449662,0.00150702958899315,-0.415630723526895,0.00153057770880003,-0.409236195489045
"b_tt_bus",-0.00513867053006901,0.00258934393521173,-1.9845453746757,0.00256771027536644,-2.00126571107625
"b_tt_air",-0.00360156495903211,0.00606874085208056,-0.59346164992321,0.00631460850400927,-0.570354433967745
"b_tt_rail",-0.00413112992943445,0.00420331750154473,-0.982826048214594,0.00440925927067451,-0.936921527139522
